Zone,Prix export $ par tonnes,Population,Production (Milliers de tonnes),Nourriture (Milliers de tonnes),Disponibilité de matière grasse en quantité ,Autres utilisations (non alimentaire) (Milliers de tonnes),Importations - Quantité (Milliers de tonnes),Résidus (Milliers de tonnes),Aliments pour animaux (Milliers de tonnes),Alimentation pour touristes (Milliers de tonnes),Semences (Milliers de tonnes),Disponibilité alimentaire en quantité (kg/personne/an) ,Pertes (Milliers de tonnes),Disponibilité intérieure (Milliers de tonnes),Exportations - Quantité (Milliers de tonnes),Variation de stock (Milliers de tonnes),Traitement (Milliers de tonnes),Disponibilité de protéines en quantité,Disponibilité alimentaire (Kcal/personne/jour),Production USD$/tonne,outliers
Brésil,0.0,207833823,14201.0,9982.0,15.34,0.0,3.0,0.0,0.0,0.0,0.0,48.03,0.0,9982.0,4223.0,0.0,0.0,15.68,204.0,0.0,-1
Chine - RAS de Hong-Kong,2056.6128412149174,7306322,24.0,391.0,12.7,32.0,907.0,-125.0,0.0,-18.0,0.0,53.51,0.0,280.0,663.0,-12.0,0.0,22.26,210.0,0.0,-1
"Chine, continentale",1908.5173501577287,1421021791,18236.0,17518.0,4.67,0.0,452.0,-1.0,0.0,0.0,0.0,12.33,643.0,18161.0,576.0,-50.0,1.0,3.96,59.0,1681.4,-1
États-Unis d'Amérique,0.0,325084756,21914.0,18100.0,14.83,89.0,123.0,0.0,0.0,0.0,0.0,55.68,0.0,18266.0,3692.0,80.0,77.0,19.93,219.0,0.0,-1
Inde,0.0,1338676785,3545.0,2965.0,0.4699999999999999,0.0,0.0,0.0,0.0,0.0,0.0,2.22,695.0,3661.0,4.0,-119.0,0.0,0.75,7.0,0.0,-1
